entity, label, occurrences
HPV, ORG, 258
first, ORDINAL, 74
U.S., GPE, 69
US, GPE, 47
one, CARDINAL, 41
Donald Trump, PERSON, 40
MMR, ORG, 37
this year, DATE, 33
Ireland, GPE, 33
Philippines, GPE, 32
UK, GPE, 32
Zika, PERSON, 32
Pauline Hanson, PERSON, 31
Australia, GPE, 30
Vaccine, PERSON, 30
two, CARDINAL, 30
Europe, LOC, 27
CDC, ORG, 26
three, CARDINAL, 25
Yemen, GPE, 25
Fox News, ORG, 25
The Boston Globe, ORG, 24
Italy, GPE, 24
California, GPE, 24
15, CARDINAL, 23
The Washington Post, ORG, 23
Kenya, GPE, 22
year, DATE, 22
Trump, PERSON, 22
Robert F. Kennedy Jr., PERSON, 19
Minnesota, GPE, 19
Wednesday, DATE, 19
Guardian, ORG, 18
Andrew Wakefield, PERSON, 18
Friday, DATE, 18
Tuesday, DATE, 18
Ghana, GPE, 17
ABC News, ORG, 17
Michigan, GPE, 17
Monday, DATE, 16
South Sudan, GPE, 16
thousands, CARDINAL, 16
Trump, ORG, 15
Africa, LOC, 15
Rebecca Bredow, PERSON, 15
One, CARDINAL, 15
millions, CARDINAL, 15
NHS, ORG, 15
French, NORP, 15
second, ORDINAL, 15
the World Health Organization, ORG, 15
next year, DATE, 15
Simon Harris, PERSON, 14
Australian, NORP, 14
9-year-old, DATE, 14
UN, ORG, 14
African, NORP, 14
CBS News, ORG, 13
Americans, NORP, 13
Melbourne, GPE, 13
2017, DATE, 12
The New York Times, ORG, 12
Irish, NORP, 12
Brazil, GPE, 12
Daily Mail, ORG, 12
2018, DATE, 11
Gardasil, GPE, 11
Reuters, ORG, 11
four, CARDINAL, 11
Syria, GPE, 11
hundreds, CARDINAL, 11
First, ORDINAL, 10
this winter, DATE, 10
1, CARDINAL, 10
Canadians, NORP, 10
American, NORP, 10
five, CARDINAL, 10
FDA, ORG, 10
Canada, GPE, 10
German, NORP, 10
Robert Kennedy Jr., PERSON, 10
last year, DATE, 10
season, DATE, 10
Detroit, GPE, 10
winter, DATE, 9
this week, DATE, 9
Two, CARDINAL, 9
years, DATE, 9
Congo, GPE, 9
London, GPE, 9
Sydney, GPE, 9
12, CARDINAL, 9
Robert F. Kennedy, PERSON, 9
Italian, NORP, 9
Bangladesh, GPE, 9
Alberta, GPE, 9
Scotland, GPE, 8
BBC News, ORG, 8
New Zealand, GPE, 8
British, NORP, 8
each year, DATE, 8
Kennedy, PERSON, 8
Britain, GPE, 8
Hanson, ORG, 8
WHO, ORG, 8
Germany, GPE, 8
Queensland, GPE, 8
Tom Price, PERSON, 8
HSE, ORG, 8
seven days, DATE, 8
Rohingya, ORG, 8
Malaria, GPE, 7
Shots - Health News, ORG, 7
CSL, ORG, 7
Somali, NORP, 7
Shingrix, PRODUCT, 7
Canadian, NORP, 7
TB, ORG, 7
Malawi, ORG, 7
Victoria, GPE, 7
San Diego, GPE, 7
Finian McGrath, PERSON, 7
annual, DATE, 7
Three, CARDINAL, 7
NPR, ORG, 7
Saudi, NORP, 7
Thursday, DATE, 7
Malawi, GPE, 6
Australians, NORP, 6
NSW, ORG, 6
daily, DATE, 6
Somali-American, NORP, 6
The Globe and Mail, ORG, 6
France, GPE, 6
Sanofi, ORG, 6
Jon LaPook, PERSON, 6
The World Health Organisation, ORG, 6
Fifteen, CARDINAL, 6
12 years old, DATE, 6
Cleveland Clinic, ORG, 6
EU, ORG, 6
Greg Hunt, PERSON, 6
European, NORP, 6
Oxford University, ORG, 6
Vladimir Putin, PERSON, 6
Oxford, ORG, 6
Atlantic, LOC, 6
Sunday, DATE, 6
Russian, NORP, 6
nine, CARDINAL, 6
this summer, DATE, 6
today, DATE, 6
Thousands, CARDINAL, 5
Tara Narula, PERSON, 5
The Sunday Times, ORG, 5
decades, DATE, 5
2014, DATE, 5
10, CARDINAL, 5
The World Health Organization, ORG, 5
Trump’s, ORG, 5
GlaxoSmithKline, PERSON, 5
South Sudan's, GPE, 5
third, ORDINAL, 5
Malcolm Turnbull, PERSON, 5
one million, CARDINAL, 5
2, CARDINAL, 5
tens of thousands, CARDINAL, 5
NIH, ORG, 5
40, CARDINAL, 5
2017, CARDINAL, 5
Peter Thiel, PERSON, 5
South Australia, LOC, 5
50, CARDINAL, 5
West Africa, GPE, 5
Zika, NORP, 5
3, CARDINAL, 5
the National Institutes of Health, ORG, 5
Robert De Niro, PERSON, 5
Bill Gates, PERSON, 5
Dublin, GPE, 5
Robert Kennedy, PERSON, 5
weeks, DATE, 5
Al Jazeera, ORG, 4
Russia, GPE, 4
CBS, ORG, 4
This Morning, TIME, 4
30,000, CARDINAL, 4
India, GPE, 4
John Igboanugo, PERSON, 4
Five, CARDINAL, 4
Times, ORG, 4
Saturday, DATE, 4
GSK, ORG, 4
PLAGUE, ORG, 4
Saudi Arabia, GPE, 4
Health, ORG, 4
dozens, CARDINAL, 4
70s, DATE, 4
2015, DATE, 4
BCG, ORG, 4
last winter, DATE, 4
100 percent, PERCENT, 4
CBC News, ORG, 4
50, DATE, 4
11.5 million, CARDINAL, 4
100, CARDINAL, 4
Japanese, NORP, 4
Bishop Cullinan, PERSON, 4
three-week, DATE, 4
Victorian, NORP, 4
Caribbean, LOC, 4
ITV News, ORG, 4
13-year-old, DATE, 4
Malawi, PERSON, 4
September, DATE, 4
Florida, GPE, 4
90%, PERCENT, 4
between 2010 and 2012, DATE, 4
Oakland County, GPE, 4
Jade Goody’s, PERSON, 4
5, CARDINAL, 4
March, DATE, 4
Pakistan, GPE, 4
2020, DATE, 4
100%, PERCENT, 4
Robert F Kennedy, PERSON, 4
recent years, DATE, 4
TheJournal.ie - Breaking Irish and International News, WORK_OF_ART, 4
17, CARDINAL, 4
Donald Trump's, PERSON, 4
18, DATE, 4
California&apos;s, PERSON, 4
Petya, GPE, 4
35, CARDINAL, 4
U.N., ORG, 4
Yemeni, NORP, 4
Ian Frazer, PERSON, 4
hundreds of thousands, CARDINAL, 4
Austria, GPE, 4
659, CARDINAL, 4
Nigeria, GPE, 4
a year, DATE, 4
19, DATE, 3
Western Australia, LOC, 3
MSD, ORG, 3
$460 million, MONEY, 3
Scottish, NORP, 3
million, CARDINAL, 3
Vaccines, ORG, 3
seven, CARDINAL, 3
Church, ORG, 3
three years, DATE, 3
the World Health Organisation (WHO, ORG, 3
first-year, DATE, 3
this month, DATE, 3
Liverpool, GPE, 3
Perth, PERSON, 3
RFK Jr., ORG, 3
Japan, GPE, 3
LA Times, ORG, 3
two-year, DATE, 3
Harris, PERSON, 3
STI, ORG, 3
50%, PERCENT, 3
at least 40, CARDINAL, 3
The Association of Catholic Priests, ORG, 3
Bishop Alphonsus Cullinan, ORG, 3
up to, CARDINAL, 3
Catholic, NORP, 3
12-year-old, DATE, 3
Afghanistan, GPE, 3
40, DATE, 3
five days, DATE, 3
nearly 30 years, DATE, 3
90 percent, PERCENT, 3
Four, CARDINAL, 3
January 2016, DATE, 3
9, CARDINAL, 3
a week, DATE, 3
HHS, ORG, 3
St. Kitts, GPE, 3
Anti-Vaccine Activist, ORG, 3
1st, ORDINAL, 3
Obamacare, ORG, 3
2010, DATE, 3
Jeff Brazier, PERSON, 3
State, ORG, 3
Sky News, WORK_OF_ART, 3
Dengvaxia, GPE, 3
nine-year-old, DATE, 3
Meningitis, NORP, 3
13, CARDINAL, 3
Cambridge, GPE, 3
Whole Foods, ORG, 3
100, MONEY, 3
annually, DATE, 3
England, GPE, 3
John Oliver, PERSON, 3
Tonight, TIME, 3
four-day, DATE, 3
Illinois, GPE, 3
400, CARDINAL, 3
CNN, ORG, 3
United Nations, ORG, 3
15%, PERCENT, 3
Pacific, LOC, 3
Less than half, CARDINAL, 3
| CTV News, ORG, 3
next month, DATE, 3
last night, TIME, 3
Vegan, ORG, 3
Calpol, PERSON, 3
2000, DATE, 3
The United Nations, ORG, 3
Brazilian, NORP, 3
Ontario, GPE, 3
Sana’a, ORG, 3
Aussie, PERSON, 3
Brexit, PERSON, 3
Parliament, ORG, 3
the Federal Government, ORG, 3
Wellington, GPE, 3
Sanofi, NORP, 3
more than 730,000, CARDINAL, 3
the Ontario College of Teachers, ORG, 3
the European Union, ORG, 3
Julia Roberts, PERSON, 3
Ont, PERSON, 3
Medieval, PERSON, 3
PHARMAC, ORG, 3
The Irish Cancer Society, ORG, 3
Atlanta, GPE, 3
Toronto, GPE, 3
More than 140,000, CARDINAL, 3
Vaxxed, GPE, 3
RT World News Scientists, ORG, 2
CBC News Researchers, ORG, 2
the University of Pennsylvania, ORG, 2
New York, GPE, 2
West Australian, NORP, 2
ABC News, WORK_OF_ART, 2
weekly, DATE, 2
the University of California, San Diego, ORG, 2
Rathdrum, GPE, 2
the past decade, DATE, 2
NPR A, ORG, 2
Christmas, DATE, 2
the coming months, DATE, 2
Pneumonia, GPE, 2
Outbreak, ORG, 2
Gairdner Awards, ORG, 2
Judith Light, PERSON, 2
University of Surrey, ORG, 2
the University of Surrey, ORG, 2
Congress, ORG, 2
11, CARDINAL, 2
70%, PERCENT, 2
The University of Texas, ORG, 2
Houston, GPE, 2
Half, CARDINAL, 2
Democratic Republic of Congo, GPE, 2
Leeds, GPE, 2
10 years, DATE, 2
April, DATE, 2
Merck, ORG, 2
North America, LOC, 2
Mosquirix, GPE, 2
6 months, DATE, 2
CBC Radio, ORG, 2
The Democratic Republic of Congo, GPE, 2
Perth, GPE, 2
the Australian Institute of Health and Welfare, ORG, 2
Gates Foundation, ORG, 2
The European Court of Justice, ORG, 2
5000, CARDINAL, 2
the United States, GPE, 2
Rosie, PERSON, 2
Barnaby Joyce, PERSON, 2
this morning, TIME, 2
120,000, MONEY, 2
Youngner, PERSON, 2
Jonas Salk, PERSON, 2
Band-Aid, ORG, 2
more than 2,000, CARDINAL, 2
Season 2017, DATE, 2
next year's, DATE, 2
the last year, DATE, 2
Chickenpox, ORG, 2
RT Viral, ORG, 2
Christian Jessen, PERSON, 2
65, CARDINAL, 2
the University of Tübingen, ORG, 2
Peter Kremsner, PERSON, 2
month, DATE, 2
one-half, CARDINAL, 2
Tdap, PERSON, 2
Los Angeles County, GPE, 2
MR, GPE, 2
Bill, PERSON, 2
Melinda Gates, PERSON, 2
Moderna Therapeutics, PERSON, 2
2006, DATE, 2
Mosquito, PERSON, 2
Ministry of Health, ORG, 2
GOP, ORG, 2
TheHill, ORG, 2
Republican, NORP, 2
Herpes, NORP, 2
2016, DATE, 2
| Metro News, ORG, 2
| World | The Times A, ORG, 2
20, CARDINAL, 2
Cathy Stephenson, PERSON, 2
Sanaa, ORG, 2
one-year, DATE, 2
another gloomy year, DATE, 2
eight, CARDINAL, 2
Janette Garin, PERSON, 2
B., PERSON, 2
Kia Gott's, PERSON, 2
Kia, ORG, 2
World, ORG, 2
more than 750,000, CARDINAL, 2
between five and 17 months, DATE, 2
only about half, CARDINAL, 2
more than 14,000, CARDINAL, 2
Darwin, PERSON, 2
Sean Spicer, PERSON, 2
RT USA News, ORG, 2
90, CARDINAL, 2
more than a decade, DATE, 2
Hundreds of thousands, CARDINAL, 2
DIY, ORG, 2
Measles Outbreak, PERSON, 2
Coroner urges Government, ORG, 2
just days, DATE, 2
2030, DATE, 2
up to €2,500, MONEY, 2
six years, DATE, 2
2009, DATE, 2
NHL, ORG, 2
Olympics, EVENT, 2
one week, DATE, 2
British Columbia, GPE, 2
the Centers for Disease Control and Prevention, ORG, 2
ABC, ORG, 2
ten-year-olds, DATE, 2
150,000, CARDINAL, 2
Rohingya, NORP, 2
LA Times Public, ORG, 2
David Agus, PERSON, 2
Qld, PERSON, 2
West, LOC, 2
23, CARDINAL, 2
Senate, ORG, 2
Calgary, GPE, 2
Last Week, DATE, 2
the new year, DATE, 2
Robert F Kennedy Jr, PERSON, 2
| Scoop News, PRODUCT, 2
Tauranga, GPE, 2
The West Australian, LOC, 2
four-year-old, DATE, 2
Muslims, NORP, 2
Putin, PERSON, 2
Asda, ORG, 2
Somalia, GPE, 2
Century-old, DATE, 2
South Australian, NORP, 2
Vaccines, NORP, 2
Massachusetts, GPE, 2
Maori, GPE, 2
almost 90 per cent, MONEY, 2
the State Government, ORG, 2
Ann Hogan, PERSON, 2
Romania, GPE, 2
Jordan DeRosier, PERSON, 2
seven-month-old, DATE, 2
half, CARDINAL, 2
80%, PERCENT, 2
Edward Jenner, PERSON, 2
220,000, CARDINAL, 2
James Horne, PERSON, 2
RFK Jr, ORG, 2
the World Health Organisation, ORG, 2
David Brooks, PERSON, 2
MENINGITIS, ORG, 2
Bali, GPE, 2
Bankstown-Lidcombe Hospital, ORG, 2
Bernie Sanders, PERSON, 2
Fox News Researchers, ORG, 2
19,000, CARDINAL, 2
September next year, DATE, 2
MUM, ORG, 2
Army, ORG, 2
733,000, CARDINAL, 2
the winter months, DATE, 2
Shingrix, ORG, 2
80s, DATE, 2
RT Newsline, PERSON, 2
Sharyl Attkisson, PERSON, 2
15 to 19, DATE, 2
Matt Cooper, PERSON, 2
Blacktown Hospital, FAC, 2
Arthur Potts, PERSON, 2
AUCKLAND, ORG, 2
Aussie, GPE, 2
Janine Perrett, PERSON, 2
RT Russia &, ORG, 2
Soviet Union, GPE, 2
Philippine, NORP, 2
24, CARDINAL, 2
NPR Scientists, ORG, 2
730,000, CARDINAL, 2
320,000, CARDINAL, 2
a few months, DATE, 2
WGBH, ORG, 2
Daily Mail Online University, ORG, 2
26, CARDINAL, 2
the 1960s, DATE, 2
Donald Trump’s, PERSON, 2
Newport, GPE, 2
49-year-old, DATE, 2
42-year-old, DATE, 2
NBC, ORG, 2
the Democratic Republic of Congo, GPE, 2
Windsor, GPE, 2
Guardian Health, ORG, 2
BBC, ORG, 2
China, GPE, 2
Davos, GPE, 2
two years ago, DATE, 2
18, CARDINAL, 2
The Washington Post Experts, ORG, 2
a decade, DATE, 2
the past year, DATE, 2
Tdap, GPE, 2
a million and a half, CARDINAL, 2
10%, PERCENT, 2
Today, DATE, 2
New Zealanders, NORP, 2
as early as next year, DATE, 2
High Court, ORG, 2
Hodeidah, ORG, 2
age 50, DATE, 2
Islam, ORG, 2
130, CARDINAL, 2
Birmingham, GPE, 2
Five-year, DATE, 2
about 90 percent, PERCENT, 2
Three years, DATE, 2
15-year-old, DATE, 2
11, DATE, 2
more than 40, CARDINAL, 2
CBS News Health, ORG, 2
Zara Beattie, PERSON, 2
ABC News Health, ORG, 2
West African, NORP, 2
next week, DATE, 2
BBC News Parents, ORG, 2
more than a half million, DATE, 2
Rohingya Muslims, NORP, 2
Myanmar, GPE, 2
Disneyland, FAC, 2
- LA Times, ORG, 2
Bear Grylls’ Red Nose Day, ORG, 2
as young as two months, DATE, 2
Jack, PERSON, 2
Vaccines, PERSON, 2
Islamic State, ORG, 2
7 days, DATE, 2
two weeks, DATE, 2
Protein Sciences, ORG, 2
the University at Buffalo, ORG, 2
15-month-old, DATE, 2
Stockholm, GPE, 2
HPV Vaccine, ORG, 2
Central Australia, LOC, 2
just six years, DATE, 2
Vancouver, GPE, 2
Grade 6, FAC, 2
Brian Bellhouse, PERSON, 2
Trump Tower, FAC, 2
a month, DATE, 2
just months, DATE, 2
Royal College of Physicians, ORG, 1
Mary Horgan, PERSON, 1
autism​, ORG, 1
Rachel Smalley, PERSON, 1
America, GPE, 1
No Jab No Pay requires, LAW, 1
RTS, ORG, 1
Aussies, ORG, 1
Mattie McGrath Tony, PERSON, 1
99%, PERCENT, 1
attack 99 percent, PERCENT, 1
Rutgers University, ORG, 1
20%, PERCENT, 1
Daily Mail Online H3N2, ORG, 1
the U.S. Centers for Disease Control and Prevention, ORG, 1
The State Government, ORG, 1
2p, CARDINAL, 1
Allure, ORG, 1
| Awesome Activities & Fun Facts, ORG, 1
Co Wicklow, PERSON, 1
Meningitis Vaccine Protects Against Gonorrhea, ORG, 1
England World Cup, ORG, 1
Rabies, GPE, 1
South America - Mirror, LOC, 1
South America, LOC, 1
Up to 20 percent, PERCENT, 1
as high as, QUANTITY, 1
as low as 19 percent, PERCENT, 1
at least 2400, CARDINAL, 1
The Star Those, WORK_OF_ART, 1
six weeks, DATE, 1
Nearly half, CARDINAL, 1
the Southern Hemisphere, LOC, 1
Doug Jones', PERSON, 1
Slate TV Club, ORG, 1
Slate, ORG, 1
Frederik Joelving, PERSON, 1
Alarm, GPE, 1
Crumlin, GPE, 1
May, DATE, 1
Somali Community's, ORG, 1
an estimated two to three million, CARDINAL, 1
1.5million, CARDINAL, 1
the UN’s World Health Organisation (WHO, ORG, 1
more than two months, DATE, 1
Jennifer Whitmore, PERSON, 1
Robert F Kennedy’s, PERSON, 1
Anti-Vaccine Movement: Religious Objections, ORG, 1
Rampant Across, PERSON, 1
2013, DATE, 1
just 42 per cent, MONEY, 1
the UK seven years, DATE, 1
60-year-old, DATE, 1
the European Commission, ORG, 1
Indian, NORP, 1
season this winter, DATE, 1
367, CARDINAL, 1
Washington State, GPE, 1
Numbers Expected, PERSON, 1
CHOLERA, ORG, 1
Co Meath, PERSON, 1
the Irish Traveller, ORG, 1
Roma communities, ORG, 1
Kevin Kelleher, PERSON, 1
nearly a week, DATE, 1
The Independent Measles, ORG, 1
nearly 20 years ago, DATE, 1
4,200, CARDINAL, 1
Herald Tonsil, PERSON, 1
January 1, DATE, 1
Dynavax's Heplisav, ORG, 1
Brendan Hoban, PERSON, 1
Sanofi’s, ORG, 1
The Boston Globe Studies, ORG, 1
More than eight, CARDINAL, 1
the IrsiCaixa Aids Research Institute, ORG, 1
Barcelona, GPE, 1
HPV | Daily Mail Online Researchers, ORG, 1
at least one, CARDINAL, 1
Vaccination Rates Raise Government’s, ORG, 1
Concern - WSJ Italy, ORG, 1
111, CARDINAL, 1
Rubella, ORG, 1
13, DATE, 1
Ben Hirschler, PERSON, 1
LONDON, GPE, 1
the 1980s, DATE, 1
Alternatives To Vaccination Shots Are In Development :, ORG, 1
NPR From, ORG, 1
This Year, DATE, 1
Australia AUSTRALIANS, ORG, 1
Vaccine Debate, ORG, 1
Vermont, GPE, 1
Stowe, GPE, 1
Merck & Co Inc, ORG, 1
June, DATE, 1
the year, DATE, 1
The Globe and Mail Government-, ORG, 1
Super Junior, ORG, 1
Finian, PERSON, 1
Factcheck, PERSON, 1
the University of Texas, ORG, 1
the Department of Defense, ORG, 1
Yersinia, GPE, 1
Miriam Stoppard - Irish Mirror Online Researchers, PERSON, 1
Pediatricians, NORP, 1
NPR The American Academy of Pediatrics, ORG, 1
early November, DATE, 1
the Irish Cancer Society, ORG, 1
Just five minutes, TIME, 1
Noni MacDonald, PERSON, 1
Dalhousie University, ORG, 1
6000, CARDINAL, 1
More than 6000, CARDINAL, 1
2040, CARDINAL, 1
Plans, NORP, 1
as many as one million, CARDINAL, 1
Chase, ORG, 1
Steven-Walker, PERSON, 1
Marc Alexander Steven, PERSON, 1
Jacinda, GPE, 1
crackdown - Mirror Online NHS, ORG, 1
Simon Stevens, PERSON, 1
4073, DATE, 1
1013, DATE, 1
At least 15, CARDINAL, 1
South Sudanese, NORP, 1
Craig Venter, PERSON, 1
55, CARDINAL, 1
the weekend, DATE, 1
Jonathan Coleman, PERSON, 1
Pharmac, LOC, 1
as early as April 2018, DATE, 1
The Globe and Mail Most, ORG, 1
The Royal Children's Hospital, ORG, 1
almost 50 per cent, MONEY, 1
Tabernacle, ORG, 1
Bradley Wiggins, ORG, 1
Wellcome Trust, ORG, 1
Norway, GPE, 1
Robb Butler, PERSON, 1
The Times Court of Justice, ORG, 1
the European UnionPublished, ORG, 1
September 4, DATE, 1
Others (Case C-621/15)Before M Ilesic, WORK_OF_ART, 1
the Chamber and Judges A Prechal, ORG, 1
European Court of Justice, ORG, 1
JUST a year, DATE, 1
the Queensland Government, ORG, 1
It&apos;s, PERSON, 1
97%, PERCENT, 1
only 27%, PERCENT, 1
Pew Research Center, ORG, 1
Lasker Prizes Go to Planned Parenthood, ORG, 1
Urgent Threat, ORG, 1
The New York Times Infection, ORG, 1
Herald Oxford University, ORG, 1
England - BBC News, GPE, 1
Melissa, PERSON, 1
Kate, PERSON, 1
five-year-old, DATE, 1
Clara, PERSON, 1
Madeleine, PERSON, 1
Melissa Hill's, PERSON, 1
Nationals, LOC, 1
The World Health Organisation (WHO, ORG, 1
almost 100, CARDINAL, 1
The Court of Appeal, ORG, 1
Pandemrix, ORG, 1
14, DATE, 1
2009-10, DATE, 1
Polio Vaccine Pioneer, PERSON, 1
Dies, ORG, 1
96, CARDINAL, 1
Band-Aid Patch Replaces, ORG, 1
Immunisation Coalition, ORG, 1
Ruby, PERSON, 1
at least three, CARDINAL, 1
more than 300, CARDINAL, 1
Vashon Island, LOC, 1
the Journal Pediatrics, ORG, 1
nearly three, CARDINAL, 1
10-29 year-olds - NZ, DATE, 1
The Flu Shot Is Not Just About, WORK_OF_ART, 1
DENIED, ORG, 1
400,000, CARDINAL, 1
The Joint Committee on Vaccination and Immunisation, ORG, 1
Veterinarians, NORP, 1
Brad Hazzard, PERSON, 1
Q&A, ORG, 1
Found, PERSON, 1
Century Ago, ORG, 1
Finian McGrath's, ORG, 1
McGrath &#, ORG, 1
More than 1000, CARDINAL, 1
Superdrug, FAC, 1
SUPERDRUG, ORG, 1
Schoolgirl, PERSON, 1
the HPV Gardasil, ORG, 1
Molly, PERSON, 1
ten-week-old, DATE, 1
′100 percent, PERCENT, 1
Irish Medical Journal, ORG, 1
Dani Garavelli, PERSON, 1
March, 2000, DATE, 1
Measles, Mumps and Rubella, ORG, 1
Andrew Wakefield ', PERSON, 1
the Royal College of Surgeons, ORG, 1
Lancet, ORG, 1
one-third, CARDINAL, 1
NPR Health, ORG, 1
the 1940s, DATE, 1
Amish, NORP, 1
Daily Star, PERSON, 1
The Washington Post Poor, ORG, 1
Los Angeles, GPE, 1
Extra, ORG, 1
the University of Bath, ORG, 1
10-year, DATE, 1
Daily Mail Online, ORG, 1
Ottawa Public Health, ORG, 1
the City of Toronto, GPE, 1
more than a third, CARDINAL, 1
Zika, GPE, 1
West Nile, LOC, 1
Outbreaks Experts, ORG, 1
Prof Kingston Mills, PERSON, 1
7yo, ORDINAL, 1
New South Wales, LOC, 1
seven-year-old, DATE, 1
Julius Youngner, PERSON, 1
the University of Nebraska-Lincoln, ORG, 1
PATCH, ORG, 1
John Maddox, PERSON, 1
over 70% to 1%, PERCENT, 1
NEW, ORG, 1
six-month, DATE, 1
next week - NZ, DATE, 1
Herald Chickenpox, ORG, 1
July 1, DATE, 1
the Department of Health and Human Services, ORG, 1
St. Kitts and Nevis, GPE, 1
the University of California, ORG, 1
MucoJet, ORG, 1
NIAID, GPE, 1
Vaccine Research Center, ORG, 1
The West Australian Call, LOC, 1
more than 130,000, CARDINAL, 1
Boston University Medical Center, ORG, 1
Oregon, GPE, 1
Waterford, ORG, 1
Federal Government, ORG, 1
The Federal Government, ORG, 1
AIHW, ORG, 1
SYDNEY, GPE, 1
Richard Thaler, PERSON, 1
May 31, DATE, 1
Thaler, PERSON, 1
The Sunday Times Children, ORG, 1
year 4, DATE, 1
Rheumatoid, ORG, 1
Oakland, GPE, 1
Tasmanian, NORP, 1
Philippines Probes Dengue Vaccination Drive That Went Ahead Despite Warnings, ORG, 1
SIU, ORG, 1
Brits, NORP, 1
Al Jazeera Health, ORG, 1
One year later, DATE, 1
Eggs Flu, ORG, 1
the first quarter, DATE, 1
nearly $700 million, MONEY, 1
Andrew Wakefield's, PERSON, 1
Medicaid, ORG, 1
ITV News Travel, ORG, 1
Almost 650, CARDINAL, 1
Watchdog, ORG, 1
230,000, CARDINAL, 1
1.9, CARDINAL, 1
Dad, PERSON, 1
More Than 730,000, CARDINAL, 1
Immunized, NORP, 1
30‑hour, CARDINAL, 1
Lithuania, GPE, 1
the National Institute of Allergy and Infectious Diseases, ORG, 1
94, CARDINAL, 1
Two-year-old, DATE, 1
Lawrence, PERSON, 1
The Guardian Neglected, GPE, 1
160, CARDINAL, 1
Makueni county, GPE, 1
Down Schools, PERSON, 1
about 70,000, CARDINAL, 1
Daily Mail Online WARNING DISTRESSING IMAGES, ORG, 1
Leeds General Infirmary, ORG, 1
Church St., ORG, 1
Hepatitis A | The Star Toronto Public Health, WORK_OF_ART, 1
between June 7 and 23, DATE, 1
three-quarters, DATE, 1
Jennifer Grant, PERSON, 1
Beacon Hospital, ORG, 1
CBS News Asked, ORG, 1
Price, ORG, 1
night, TIME, 1
| Pictures, ORG, 1
SA Power, ORG, 1
Family First, PRODUCT, 1
The New York Times Trying, ORG, 1
Riann Karan, PERSON, 1
Waikato, PERSON, 1
Halesworth, PERSON, 1
B., ORG, 1
Vaccine Safety Trump, ORG, 1
White House, ORG, 1
The West Australian, NORP, 1
Shingles Vaccines, PERSON, 1
Chicago Tribune, ORG, 1
The Chicago Department of Public Health, ORG, 1
first year, DATE, 1
CBC News Public, ORG, 1
Better Flu Vaccine University, ORG, 1
MORE than half, CARDINAL, 1
the start of last year, DATE, 1
Katie Price, PERSON, 1
THREE years ago, DATE, 1
Jade Goody's, PERSON, 1
Bill Gates -, PERSON, 1
Flu Shot, PERSON, 1
Rosie Anderson, PERSON, 1
Matt Cooper's, PERSON, 1
the Norwegian Radium Hospital, ORG, 1
Oslo, GPE, 1
77 per cent, MONEY, 1
45 per cent, MONEY, 1
The South Australian Government, ORG, 1
| Register | The Times Court, ORG, 1
March 2, 2017G, DATE, 1
Terence Etherton, PERSON, 1
Davis, PERSON, 1
Measles Killed, PERSON, 1
age 5, DATE, 1
the University of British Columbia, ORG, 1
the Civil War, EVENT, 1
Atlas Obscura, PERSON, 1
Vaccine Fear, PERSON, 1
Sends Kids to Hospital Small, ORG, 1
last week, DATE, 1
This week, DATE, 1
Edinburgh University, ORG, 1
115,000, CARDINAL, 1
Riley Hughes, PERSON, 1
Star, ORG, 1
Black Death, ORG, 1
the 14th century, DATE, 1
present-day, DATE, 1
Andrew Wakefield’s, PERSON, 1
Eleanor Draeger, PERSON, 1
the British Medical Association’s, ORG, 1
BMA, ORG, 1
Bournemouth, GPE, 1
10-month-old, DATE, 1
FDA Seizes Smallpox Vaccine, ORG, 1
Stem Cell Cancer Clinic, ORG, 1
everyone - LA Times, ORG, 1
2,178/$2,806, MONEY, 1
the National Press Club, ORG, 1
at least 20 years, DATE, 1
the late 1960s, DATE, 1
Tim Lombard, PERSON, 1
Timothy Caulfield, PERSON, 1
'The Vaccination Picture, WORK_OF_ART, 1
NEW VACCINE AGAINST HUMAN PAPILLOMAVIRUS, ORG, 1
The Star Rebecca Bredow, WORK_OF_ART, 1
nearly a year, DATE, 1
Loose Women, ORG, 1
JEFF Brazier, PERSON, 1
just 27, DATE, 1
Du, ORG, 1
Tues, PERSON, 1
April 4, 2017, DATE, 1
St. Petersburg, GPE, 1
PTSD, DATE, 1
1.5 million, CARDINAL, 1
John Piesse, PERSON, 1
CBS News Researchers, ORG, 1
CBS News', ORG, 1
Don Champion, WORK_OF_ART, 1
Manchester, DATE, 1
some 11.5 million, CARDINAL, 1
South American, NORP, 1
the past two months, DATE, 1
Love, WORK_OF_ART, 1
Scaremongering, PERSON, 1
Harris - Independent.ie Doctors, ORG, 1
Georgia Health, ORG, 1
Named Head, PERSON, 1
- WSJ Georgia’s Public Health, ORG, 1
Auckland’s, ORG, 1
ARPHS, ORG, 1
Finian McGrath’s, PERSON, 1
Kennedy Jr, PERSON, 1
Bangladeshi, NORP, 1
Galway, ORG, 1
North Korea, GPE, 1
100,000, CARDINAL, 1
San Diego's, GPE, 1
More than 30, CARDINAL, 1
BBC Woman's, ORG, 1
Hour, TIME, 1
Vietnamese, NORP, 1
Polio, PERSON, 1
zero, CARDINAL, 1
East Baltimore, LOC, 1
Steve Dickson, PERSON, 1
Next year, DATE, 1
Eric Huang, PERSON, 1
six-year-old, DATE, 1
the World Health Organization (WHO, ORG, 1
- LA Times Desperate, ORG, 1
45 million, CARDINAL, 1
The Boston Globe Following Trump’s, ORG, 1
STAT, ORG, 1
Perth Waldorf School - ABC News, ORG, 1
Lyme Disease Vaccine, ORG, 1
96%, PERCENT, 1
93%, PERCENT, 1
almost two decades, DATE, 1
the University of Leeds, ORG, 1
$7 million, MONEY, 1
late-night, TIME, 1
HBO, ORG, 1
100-percent, PERCENT, 1
&quot;a holocaust&quot, ORG, 1
Jamie-Lee MacInnes, PERSON, 1
4-year-old, DATE, 1
Cholera, ORG, 1
At least 900,000, CARDINAL, 1
Sharia, NORP, 1
Only two-thirds, CARDINAL, 1
29 per cent, MONEY, 1
earlier this week, DATE, 1
Bell Potter, ORG, 1
Imugene Cancer, PERSON, 1
Imugene Ltd, PERSON, 1
These Young Scientists, WORK_OF_ART, 1
The Washington Post Cancer, ORG, 1
Tesco, ORG, 1
just £5, MONEY, 1
12, MONEY, 1
Somalian, NORP, 1
some 360,000, CARDINAL, 1
one month, DATE, 1
Baylor College, ORG, 1
Vaccine Skeptics, ORG, 1
Faye Burdett, ORG, 1
12 months, DATE, 1
Faye, ORG, 1
Flu Myths Busted, PERSON, 1
the WA Health Department, ORG, 1
The Globe and Mail Many, ORG, 1
Oren Liebermann, PERSON, 1
Grantlea Downs, ORG, 1
Miami, GPE, 1
Americas, LOC, 1
Guardian Supreme, ORG, 1
CTV National News, ORG, 1
Saturday, December 2, 2017, DATE, 1
Michael Flynn, PERSON, 1
between 12 and 13, DATE, 1
Fox News Potential, ORG, 1
48 percent, PERCENT, 1
Jacky Jones, PERSON, 1
Paolo Gentiloni, PERSON, 1
About 4,000, CARDINAL, 1
SUPER, ORG, 1
15-20 percent, PERCENT, 1
Mercury, ORG, 1
Last week, DATE, 1
Calvin Harris, PERSON, 1
Euronews Germany, GPE, 1
UN Diphtheria Vaccination Campaign for Rohingya Children, ORG, 1
12 December 2017, DATE, 1
the Human Papillomavirus, PRODUCT, 1
Hamilton, PERSON, 1
Allergy Therapeutics, ORG, 1
AIM-listed, ORG, 1
Allergy Therapeutics, PERSON, 1
Bishop, ORG, 1
Super Junior Health, ORG, 1
Jennifer Whitney, PERSON, 1
Mukilteo, GPE, 1
Washington, GPE, 1
the past 200 years, DATE, 1
Vaccine Controversy, PERSON, 1
the Irish Medical Organisation, ORG, 1
Kindergartners, ORG, 1
Herald University, ORG, 1
The Boston Globe Flu, ORG, 1
early this year, DATE, 1
Maori, ORG, 1
Nelson, PERSON, 1
Brenda Fitzgerald, PERSON, 1
Georgia, GPE, 1
A year, DATE, 1
STD, ORG, 1
the Irish Medical, ORG, 1
ADULTS, ORG, 1
this spring, DATE, 1
1st, DATE, 1
JUST a few days ago, DATE, 1
Justin, ORG, 1
Sloan, PERSON, 1
Tiny, ORG, 1
about 70%, PERCENT, 1
last September, DATE, 1
The Associated Press's, ORG, 1
The Boston Globe Medical, ORG, 1
CBC News Planes, ORG, 1
Kingston, GPE, 1
Cornwall, GPE, 1
More than half, CARDINAL, 1
Erin Henderson's, PERSON, 1
Fort Macleod, ORG, 1
Pincher Creek, GPE, 1
Scoop News The University of Auckland, ORG, 1
650,000, CARDINAL, 1
yesterday, DATE, 1
Pauline Hanson Insiders, PERSON, 1
ONE, CARDINAL, 1
20 per cent, MONEY, 1
Public Health England, ORG, 1
Carolyn Hax, PERSON, 1
Fresher’s Week, ORG, 1
Daily Mail Online Public Health England, ORG, 1
Medical Experts Concerned, ORG, 1
Six million, CARDINAL, 1
Ben Webster, PERSON, 1
the World Health Organisation , ORG, 1
The United States, GPE, 1
Albany, GPE, 1
Tasmania - ABC News Albany, ORG, 1
Lloyd Dunham, PERSON, 1
Tasmania, GPE, 1
Timaru, ORG, 1
Typhoid, ORG, 1
Around 22 million, CARDINAL, 1
Seven days, DATE, 1
Councillor, GPE, 1
Francis Timmons, PERSON, 1
Madonna House, FAC, 1
the early 1970s, DATE, 1
' - Mirror Online Chloe Brookes-Holder, ORG, 1
three days, DATE, 1
any given year, DATE, 1
New York Times, ORG, 1
Flintstones, ORG, 1
Tuesda, PERSON, 1
Australia&apos;s, PERSON, 1
a bad winter, DATE, 1
Kyly Clarke, PERSON, 1
Kelsey Lee, PERSON, 1
The Globe and Mail Whether, ORG, 1
Bankstown Hospital, ORG, 1
280, CARDINAL, 1
1,789, CARDINAL, 1
2001 to 2015, DATE, 1
nearly 70 percent, PERCENT, 1
saidVytenis Andriukaitis, PERSON, 1
Lithuanian, NORP, 1
Philippine FDA, ORG, 1
The Philippine Food and Drug Administration, ORG, 1
Sanofi Pasteur Inc., ORG, 1
Toronto Sun SAN FRANCISCO, ORG, 1
one day, DATE, 1
Kitts, GPE, 1
28.06.2017, CARDINAL, 1
Ukraine, GPE, 1
just two months, DATE, 1
the Royal Adelaide Hospital, ORG, 1
RAH, ORG, 1
age 16, DATE, 1
less than, CARDINAL, 1
Slate’s, ORG, 1
Mass., GPE, 1
5%, PERCENT, 1
threefold, CARDINAL, 1
Ciara Kelly, PERSON, 1
Fuels Vaccine, PERSON, 1
The Cleveland Clinic, ORG, 1
Wellness Institute, ORG, 1
The Boston Globe Large, ORG, 1
the past couple of years, DATE, 1
DRC, ORG, 1
rVSV-ZEBOV, ORG, 1
Congolese, NORP, 1
Democrat, NORP, 1
Imogen Sharkey Ochoa, PERSON, 1
Kanoa Lloyd, PERSON, 1
Don Brash, PERSON, 1
William Gallagher, PERSON, 1
Māori, PERSON, 1
64, CARDINAL, 1
195, CARDINAL, 1
DTP, ORG, 1
50 percent, PERCENT, 1
Trail, GPE, 1
NBC News, ORG, 1
Therapeutic Goods Association, ORG, 1
Dodgy, ORG, 1
Trump - POLITICO Kennedy, ORG, 1
2005, DATE, 1
THOUSANDS, CARDINAL, 1
last winter', DATE, 1
34,000, CARDINAL, 1
between December 2016 and March 2017 than warmer months, DATE, 1
monthly, DATE, 1
2,500, CARDINAL, 1
2,800, MONEY, 1
June 1, DATE, 1
43, CARDINAL, 1
This season, DATE, 1
and145 million, CARDINAL, 1
the start of the winter season, DATE, 1
Timothy Sullivan, PERSON, 1
Chinese, NORP, 1
Amid Measles Outbreak, PERSON, 1
dozen, CARDINAL, 1
2,500-plus, CARDINAL, 1
Nearly one million, CARDINAL, 1
the age of two, DATE, 1
Holiday Inn, ORG, 1
Bloomsbury, ORG, 1
ECE, ORG, 1
ECNZ, NORP, 1
The Wistar Institute, ORG, 1
Philadelphia, GPE, 1
Brigham, GPE, 1
The Massachusetts Nurses Association, ORG, 1
Brigham, FAC, 1
this season, DATE, 1
Nearly 100 years, DATE, 1
the Sunday Independent, ORG, 1
Brookes-Holder, ORG, 1
12 years ol, DATE, 1
Rio, ORG, 1
Rio de Janeiro, GPE, 1
more than 100, CARDINAL, 1
Mother, PERSON, 1
six days, DATE, 1
Cheltenham, GPE, 1
Shian Nichol, PERSON, 1
Breakthrough, PERSON, 1
past week, DATE, 1
Pox Vaccine, PERSON, 1
the Southern District, LOC, 1
1 July, DATE, 1
15 months, DATE, 1
11 years, DATE, 1
Dengue, ORG, 1
| Metro Video, ORG, 1
Eula Bliss - The, PERSON, 1
On Immunity: An Inoculation’’ is, WORK_OF_ART, 1
Eula Biss’s, PERSON, 1
Fox News Parents, ORG, 1
the past year - despite, DATE, 1
the start of the week, DATE, 1
RFK Jr.’s, ORG, 1
Team Trump, PERSON, 1
Robert F. Kennedy Jr.’s, PERSON, 1
MenB, CARDINAL, 1
The West Australian Almost, LOC, 1
Ontarians, NORP, 1
61 per cent, MONEY, 1
Nicola Sturgeon, ORG, 1
hundreds of millions of dollars, MONEY, 1
Johaan Kaa, PERSON, 1
State Government, ORG, 1
all 15 to, CARDINAL, 1
19-year-olds, DATE, 1
Sky News Grieving, ORG, 1
some 1.9 million, CARDINAL, 1
two to nine, DATE, 1
2017-18, DATE, 1
Years Five and Six, DATE, 1
2018-, DATE, 1
about two, CARDINAL, 1
Full Measure, WORK_OF_ART, 1
last night's, TIME, 1
The Tonight Show, WORK_OF_ART, 1
Bishop Cullinan's, PERSON, 1
Doctors, ORG, 1
Eastern, ORG, 1
Western Europe, LOC, 1
Nasal, PERSON, 1
Study - UPI.com Seasonal, ORG, 1
Nearly one, CARDINAL, 1
Medics, ORG, 1
Conservative, NORP, 1
Second, ORDINAL, 1
Camille Echol, PERSON, 1
More than 350, CARDINAL, 1
ABC News National, ORG, 1
Tasmania, ORG, 1
16 March 2017, DATE, 1
65, DATE, 1
Unichem & Life, ORG, 1
April 1, DATE, 1
MIT, ORG, 1
3D, ORG, 1
Royal Flying Doctor Service, ORG, 1
C.D. Howe Institute, ORG, 1
between two and 11, DATE, 1
The World Health Organization (WHO, ORG, 1
HPV Vaccine Could Protect More People With Fewer Doses, Doctors Say : Shots - Health News, ORG, 1
about 39,000, CARDINAL, 1
The New York Times States, ORG, 1
Robbie Buchan's, PERSON, 1
Three years ago, DATE, 1
Robbie Buchan, PERSON, 1
Science &, ORG, 1
Sky News', ORG, 1
Ross Cameron, PERSON, 1
Launches, PERSON, 1
Ten years, DATE, 1
The Boston Globe Robert F. Kennedy Jr., ORG, 1
$36 billion, MONEY, 1
Microsoft, ORG, 1
Anne McElvoy, PERSON, 1
Kiwi, PERSON, 1
North Dublin, GPE, 1
the past two years, DATE, 1
L.A.&apos;s, GPE, 1
Orthodox, NORP, 1
Jewish, NORP, 1
Six months, DATE, 1
Vet, GPE, 1
| Register | The Times Across, ORG, 1
10 October 2017, DATE, 1
more than half a million, CARDINAL, 1
the past six weeks, DATE, 1
Cox, GPE, 1
Bazaar, GPE, 1
Co Longford, PERSON, 1
the Massachusetts Institute of Technology, ORG, 1
Daily Mail Online Daily, ORG, 1
Disability, ORG, 1
Finian McGrath -, PERSON, 1
Tom Evans - Liverpool, PERSON, 1
year 11, DATE, 1
Russian, LANGUAGE, 1
Medvedev, PERSON, 1
Dmitry Medvedev, PERSON, 1
PM Olga Golodets, PERSON, 1
Golodets, ORG, 1
Vaccine For Addiction' Would Be Complicated, WORK_OF_ART, 1
Bankstown-Lidcombe Hospital Babies, ORG, 1
| Science & Tech News, ORG, 1
60, CARDINAL, 1
World Immunization Week, EVENT, 1
Global News, ORG, 1
Perth Waldorf, PERSON, 1
Health Department, ORG, 1
| The Times Vaccination, ORG, 1
the third year in a row, DATE, 1
2016-17, DATE, 1
91.6 per cent, MONEY, 1
the Association of American Physicians and Surgeons, ORG, 1
AAPS, ORG, 1
At least three, CARDINAL, 1
Spanish, NORP, 1
Tim Hinchey, PERSON, 1
Reuters.com, ORG, 1
Cox's Bazar,, ORG, 1
Sharon Sandell, PERSON, 1
Herald Ever, ORG, 1
’ Association of Catholic Priests, ORG, 1
ABC News Mumps, ORG, 1
recent months, DATE, 1
Independent Health, ORG, 1
at least 22, CARDINAL, 1
International, WORK_OF_ART, 1
One Nation, ORG, 1
days, DATE, 1
Measles - Know, PERSON, 1
an estimated 2.6 million, CARDINAL, 1
At least 40’, CARDINAL, 1
Alliance, ORG, 1
Texas, GPE, 1
Channel 4 Dispatches, ORG, 1
Limerick, GPE, 1
Flu Vaccinations, ORG, 1
26 years, DATE, 1
NPR Theories, ORG, 1
CBS News Courts, ORG, 1
The Department of Health and Human Services, ORG, 1
Mish Michaels, PERSON, 1
The Boston Globe Michaels, ORG, 1
WBZ, ORG, 1
Measles Deaths Fall, PERSON, 1
2 million, CARDINAL, 1
fewer than 100,000, CARDINAL, 1
W.H.O., ORG, 1
Chicago Tribune Health, ORG, 1
The Germs Keep Coming : Goats, WORK_OF_ART, 1
NPR After, ORG, 1
the next 150 years, DATE, 1
Deutsche Welle, ORG, 1
67, CARDINAL, 1
Drugmaker Sanofi, ORG, 1
Diary: We, WORK_OF_ART, 1
Surrey University, ORG, 1
the first year, DATE, 1
earlier this month, DATE, 1
Discusses 'Committee on Vaccine Safety' -, ORG, 1
RRP, ORG, 1
Harris, GPE, 1
two and four, DATE, 1
32, CARDINAL, 1
Scottish Government, ORG, 1
The Washington Post ', ORG, 1
three weeks, DATE, 1
Sky News About 1.9 million, WORK_OF_ART, 1
Sanaa, GPE, 1
Ethics Group, ORG, 1
Recommends - The Atlantic, PERSON, 1
the Statens Serum Institut, ORG, 1
Denmark, GPE, 1
Bear Grylls, ORG, 1
Saskatchewan, GPE, 1
Scientific Reports, ORG, 1
Baby Home, ORG, 1
Garda, PERSON, 1
Central Africa, GPE, 1
Outbreaks of Ebola, ORG, 1
DR, GPE, 1
Breitbart Geneva, PERSON, 1
AFP, ORG, 1
Herald Movie's, ORG, 1
100 million, CARDINAL, 1
103, CARDINAL, 1
1798, DATE, 1
Hundreds, CARDINAL, 1
More than 95%, PERCENT, 1
Suaado Salah, PERSON, 1
Vaccines Across Tanzania, PERSON, 1
East African, NORP, 1
Two million, CARDINAL, 1
Minas Gerais, ORG, 1
First Yemen, ORG, 1
GM, ORG, 1
Yale, ORG, 1
George Mason, PERSON, 1
’ve, ORG, 1
each winter, DATE, 1
Pfizer, PERSON, 1
Prevenar 13, ORG, 1
First Malaria Vaccine to Pilot, ORG, 1
Fox News Cancer, ORG, 1
SBS News Health, ORG, 1
Tony O'Brien, PERSON, 1
MAPPED, WORK_OF_ART, 1
| Travel News, ORG, 1
| Travel, ORG, 1
EUROPE, LOC, 1
summer holidays, DATE, 1
More than 70, CARDINAL, 1
RFK, ORG, 1
2018 Three, DATE, 1
The Washington Post Researchers, ORG, 1
nearly two-thirds, CARDINAL, 1
the China Food and Drug Administration, ORG, 1
Legal Evening News, ORG, 1
U.S. Travelers Skip Measles Vaccines, ORG, 1
The Globe and Mail Toronto, ORG, 1
The Boston Globe Vaccination, ORG, 1
Somali-Americans, NORP, 1
460, MONEY, 1
Nipah, ORG, 1
79, CARDINAL, 1
Sanofi, WORK_OF_ART, 1
NZMSA Supports, ORG, 1
Lance O’Sullivan, PERSON, 1
Vaccines Save, PERSON, 1
The New Zealand Medical Students’ Association, ORG, 1
NZMSA, ORG, 1
Lance O’Sullivan’s, PERSON, 1
Healthcare, ORG, 1
O’Sullivan, PERSON, 1
age 26, DATE, 1
almost 1,500, CARDINAL, 1
Saudi-Led Blockade Eases, ORG, 1
NPR Badly, ORG, 1
about three weeks, DATE, 1
Saudis, NORP, 1
more than 99 percent, PERCENT, 1
the end of the year, DATE, 1
five years ago, DATE, 1
The Washington Post Women, ORG, 1
Queensland, PERSON, 1
jump 50 percent, PERCENT, 1
Berlin, GPE, 1
17.02.2017, DATE, 1
August 1, DATE, 1
only 70%, PERCENT, 1
Midsummer, PERSON, 1
NPR Officials, ORG, 1
L.A., GPE, 1
LA Times San Diego County, ORG, 1
The Globe and Mail Researchers, ORG, 1
91 percent, PERCENT, 1
the first two months, DATE, 1
Oregon Health and Science University, ORG, 1
Takeda, PERSON, 1
Takeda Pharmaceutical, ORG, 1
20,000, CARDINAL, 1
almost eight million, CARDINAL, 1
Zika Vaccine, PERSON, 1
Kaspersky, PERSON, 1
Scoop News Vaccination, ORG, 1
at least a dozen, CARDINAL, 1
Omar Villafranca, PERSON, 1
The Sunday Times The HSE, ORG, 1
summer, DATE, 1
just a few months, DATE, 1
MANILA, GPE, 1
24 April 2017, DATE, 1
the tens of millions, CARDINAL, 1
an estimated 400, CARDINAL, 1
mid-February, DATE, 1
Lawrence Lacks, PERSON, 1
82, DATE, 1
Johns Hopkins University, ORG, 1
Rotary International | Express.co.uk POLIO, ORG, 1
Rotary International, ORG, 1
Reuters GlaxoSmithKline, PERSON, 1
Pat Kenny, PERSON, 1
Kenny, PERSON, 1
The Globe and Mail Much, ORG, 1
No Jab No Play', LAW, 1
Families, ORG, 1
No Jab No Play, WORK_OF_ART, 1
FLU, ORG, 1
every year, DATE, 1
B.C., GPE, 1
this September, DATE, 1
7, CARDINAL, 1
- Chicago Tribune, ORG, 1
Sky News Children, ORG, 1
122, CARDINAL, 1
Warren Buffett, PERSON, 1
Gates, ORG, 1
between 2004 and 2008, DATE, 1
Helen Petousis-Harris, PERSON, 1
the University’s Faculty of Medical, ORG, 1
Raqqa, LOC, 1
Jasmin Soriat, PERSON, 1
Vienna, GPE, 1
Fourth, ORDINAL, 1
Perth school, FAC, 1
fourth, ORDINAL, 1
Perth Waldorf School, ORG, 1
more than a week, DATE, 1
the High Court, ORG, 1
NPR Public, ORG, 1
the University of Melbourne, ORG, 1
Only 10%, PERCENT, 1
the end of November, DATE, 1
The New York Times Shingrix, ORG, 1
Flu - The Atlantic, ORG, 1
MenACWY, LOC, 1
Calabria, GPE, 1
RT World News, ORG, 1
More than 130, CARDINAL, 1
South Tyrol, GPE, 1
Coeliac, ORG, 1
the University of Chicago, ORG, 1
May 2017, DATE, 1
TheJournal.ie Simon Coveney, PERSON, 1
North Korea &, ORG, 1
8211, DATE, 1
the age of 65, DATE, 1
MIT Museum - The Boston Globe, ORG, 1
two weeks ago, DATE, 1
Raul Pambou, PERSON, 1
three-year-old, DATE, 1
Johan, PERSON, 1
Satish Kumar Dhamija, PERSON, 1
Sundays, DATE, 1
Strand, ORG, 1
Apple, ORG, 1
Bioverativ, PERSON, 1
160, MONEY, 1
Sky News Business, ORG, 1
Greg Clark, PERSON, 1
CBS News Studies, ORG, 1
John Oliver Takes, PERSON, 1
Anti-Vaxxers on ', ORG, 1
Time Oliver, PERSON, 1
Rob Schneider's, PERSON, 1
Fox News Security, ORG, 1
‘Vaxxed’, WORK_OF_ART, 1
Superdrug, EVENT, 1
ten, CARDINAL, 1
The Boston Globe Vaccine, ORG, 1
Tony O&rsquo;Brien, PERSON, 1
460,000, CARDINAL, 1
more than 460,000, CARDINAL, 1
618, CARDINAL, 1
39, CARDINAL, 1
Tetris, PRODUCT, 1
20 minutes, TIME, 1
29th, DATE, 1
29th, ORDINAL, 1
NSW, GPE, 1
Melbourne Controversial, ORG, 1
Vaxxed, PERSON, 1
The Village Cinemas, FAC, 1
Crown, ORG, 1
Seven, CARDINAL, 1
HILL, ORG, 1
Southern Illinois, LOC, 1
Elizabeth Archer, PERSON, 1
almost 80 per cent, MONEY, 1
ABC News Close to 80, ORG, 1
Daily Mail Online Boston, ORG, 1
Wha, PERSON, 1
Camille Echols, PERSON, 1
11-year-old, DATE, 1
Ashley, PERSON, 1
Trump - CBS News, ORG, 1
The Globe and Mail Large, ORG, 1
more than 90, CARDINAL, 1
24 hours, TIME, 1
the American Academy of Pediatrics, ORG, 1
12%, PERCENT, 1
Blood, PRODUCT, 1
first-half, DATE, 1
12 per cent, MONEY, 1
full-year, DATE, 1
January, DATE, 1
Intense, NORP, 1
Auckland, GPE, 1
the 20 years, DATE, 1
HOURS - Mirror Online Adam Tolfree, ORG, 1
Irish Cancer Society, ORG, 1
Tony, PERSON, 1
Lincoln, ORG, 1
over 140, CARDINAL, 1
1.4 million, CARDINAL, 1
The Washington Post One, ORG, 1
World’s, ORG, 1
Latest, ORG, 1
Pearson, PRODUCT, 1
Jo Walton's, PERSON, 1
24 years later, DATE, 1
Zambia, GPE, 1
Vietnam, GPE, 1
Flu Vaccine, PERSON, 1
About Half, CARDINAL, 1
Time, ORG, 1
Vaccine Trial, PERSON, 1
Theresa Tam, PERSON, 1
Alberta Health Service, ORG, 1
TGA, ORG, 1
Southern DHB, ORG, 1
Scoop News Southern DHB, ORG, 1
CEPI, ORG, 1
CBS News -, ORG, 1
less than a year, DATE, 1
Independent.ie Ireland, GPE, 1
the World Economic Forum, ORG, 1
Switzerland, GPE, 1
Seven Days, DATE, 1
Kim Janda, PERSON, 1
Gary Matyas, PERSON, 1
Newstalk, ORG, 1
at least 290, CARDINAL, 1
Victoria University of Wellington’s, ORG, 1
Ferrier Research Institute, ORG, 1
the Breast Cancer Foundation New Zealand, ORG, 1
just a few minutes, TIME, 1
Caterpillar-Grown Flu Vaccine Protects, ORG, 1
44, CARDINAL, 1
more than three million, CARDINAL, 1
’s, NORP, 1
Oregonian, NORP, 1
early next year, DATE, 1
Midwest, LOC, 1
Kitty Flanagan, PERSON, 1
Somali-Muslims, NORP, 1
ABC NEWS, ORG, 1
Minneapolis, GPE, 1
25 years, DATE, 1
this April, DATE, 1
34, CARDINAL, 1
between the ages of 0 to 5, DATE, 1
the Minnesota Department of Health, ORG, 1
Eleven, CARDINAL, 1
69 years old, DATE, 1
Jim, PERSON, 1
42 per cent, MONEY, 1
Daily Mail Online Health, ORG, 1
| Scoop News Yemen’s, ORG, 1
W - ABC News, ORG, 1
Eliza Bradley, PERSON, 1
LGBT Pride, ORG, 1
Season, DATE, 1
LGBT, ORG, 1
Kremlin, ORG, 1
Prof Kirsten Lyke, PERSON, 1
Finian McGrath ', PERSON, 1
Miriam Stoppard - Mirror Online Researchers, PERSON, 1
the last century, DATE, 1
the Irish Nurses and Midwives Organisation, ORG, 1
Herald News, ORG, 1
Defense Logistics Agency, ORG, 1
$39.6 million, MONEY, 1
Intercell USA, ORG, 1
The Derbyshire , LOC, 1
Sunday 30 July, DATE, 1
Clean Bandit, LAW, 1
DJ, ORG, 1
Guests, NORP, 1
36, CARDINAL, 1
February, DATE, 1
NPR Researchers, ORG, 1
A U.S. Food and Drug Administration, ORG, 1
Handing Out Food, ORG, 1
MSF, ORG, 1
Large-Scale Phase, ORG, 1
mosquito season, DATE, 1
K9, ORG, 1
Girl Scout, ORG, 1
K-9, ORG, 1
the White House, ORG, 1
fewer than half, CARDINAL, 1
Fox, ORG, 1
20th, ORDINAL, 1
Century Fox, PERSON, 1
Vaunted Ebola Vaccine, ORG, 1
the Middle East, LOC, 1
Asia, LOC, 1
The Washington Post Their, ORG, 1
Less Than Half, CARDINAL, 1
U.S. Teens Complete HPV Vaccinations - WSJ New, ORG, 1
43%, PERCENT, 1
1 July 2017, DATE, 1
College-Bound, ORG, 1
almost 500,000, CARDINAL, 1
Niger, PERSON, 1
Jamie Yuccas, PERSON, 1
children - Reuters, ORG, 1
more than 400, CARDINAL, 1
Zostavax, PERSON, 1
Middle East, LOC, 1
The Middle East's, LOC, 1
TDs, ORG, 1
14, CARDINAL, 1
the University of Massachusetts, ORG, 1
Combat Outbreak, ORG, 1
Remote Northeast - WSJ Approval, ORG, 1
nearly three weeks, DATE, 1
LA Times Update on 'Sessions, ORG, 1
Clinton, PERSON, 1
a modern-day, DATE, 1
decades later, DATE, 1
Melbourne, PERSON, 1
world′s, GPE, 1
DW, ORG, 1
World Malaria Day, EVENT, 1
Joe Biden, PERSON, 1
Obama, PERSON, 1
CNBC, ORG, 1
this hour, TIME, 1
Frenchman, NORP, 1
J.W., PERSON, 1
Bangladesh’s, ORG, 1
De Niro, PERSON, 1
100k, MONEY, 1
| Ents & Arts News, ORG, 1
Manny, PERSON, 1
Sky News Emergency, ORG, 1
Councillor Francis Timmons, PERSON, 1
577, CARDINAL, 1
Mars, LOC, 1
NASA, ORG, 1
Carmel Johnston, PERSON, 1
Lake County, GPE, 1
- Chicago Tribune Clinic, ORG, 1
Barrington High School, ORG, 1
Waikato school - NZ Herald The, FAC, 1
Virginia Commonwealth University, ORG, 1
the first four weeks, DATE, 1
more than eight months, DATE, 1
Rohingya - ABC News, ORG, 1
Bangladesh, ORG, 1
Sanofi SA, ORG, 1
Pauline Hanson's, PERSON, 1
9-year old, DATE, 1
two months old, DATE, 1
Safety Concerns About Dengue, ORG, 1
20 years, DATE, 1
$1.5 billion, MONEY, 1
About 90,000, CARDINAL, 1
nearly 150,000, CARDINAL, 1
an estimated 147,000, CARDINAL, 1
About forty, CARDINAL, 1
DR Congo, ORG, 1
Emily Stillman, PERSON, 1
Fox News New, ORG, 1
Danish, NORP, 1
Aisling McNiffe's, PERSON, 1
Stuff.co.nz Niki, PERSON, 1
Chris Saunders, PERSON, 1
2.5 billion, CARDINAL, 1
1988, DATE, 1
US Zika, ORG, 1
Learn, ORG, 1
EU Court, ORG, 1
Mouth, PERSON, 1
Video - ABC, ORG, 1
South Canterbury, NORP, 1
two or three weeks, DATE, 1
24 March 2017, DATE, 1
COUNTRY, ORG, 1
McGrath, PERSON, 1
Sierra Leone, FAC, 1
Tomorrow, DATE, 1
19.05.2017, DATE, 1
early 2016, DATE, 1
nearly 100%, PERCENT, 1
Sierra Leone, ORG, 1
more than 2000, CARDINAL, 1
Anne Van Burek, PERSON, 1
Seth Barkley, PERSON, 1
MILLIONS, CARDINAL, 1
more than £2 million, MONEY, 1
the past four years, DATE, 1
Global Alliance for Vaccines and Immunisation (Gavi, ORG, 1
£1.5 billion, MONEY, 1
DWP, ORG, 1
Gabrielle Williams, PERSON, 1
the Vaccine Damage Payment Scheme, LAW, 1
Kaiser Health News, ORG, 1
Southern Illinois University, ORG, 1
William Halford, PERSON, 1
Inn Express, ORG, 1
Crowne Plaza Hotel, FAC, 1
200,000, CARDINAL, 1
Southampton University, ORG, 1
£2.3 million, MONEY, 1
Gritstone Oncology, ORG, 1
$93 million, MONEY, 1
GV, ORG, 1
Lilly Asia Ventures - Business Insider Gritstone, ORG, 1
Minnesota Somalis - The, NORP, 1
more than 30, CARDINAL, 1
recent weeks, DATE, 1
the Medical Board of California, ORG, 1
more than 380,000, CARDINAL, 1
between 2008 and 2013, DATE, 1
Burnaby, ORG, 1
B.C.’s, ORG, 1
Gardasil, PERSON, 1
Advice, Pictures, ORG, 1
Video - Mirror, ORG, 1
Nurses, ORG, 1
Brigham, ORG, 1
3,400, CARDINAL, 1
Boston, GPE, 1
more than 500, CARDINAL, 1
last year's, DATE, 1
520, CARDINAL, 1
National, ORG, 1
Rachel Borch, PERSON, 1
21, DATE, 1
Liberia, GPE, 1
the United Nations, ORG, 1
U.S, GPE, 1
$650 million, MONEY, 1
| CTV News Public, ORG, 1
Zika, LOC, 1
anti-Zika, NORP, 1
The Washington Post Undermining, ORG, 1
almost £200 million, MONEY, 1
72, CARDINAL, 1
S., ORG, 1
Anthea Beattie, PERSON, 1
49, DATE, 1
80-year-old, DATE, 1
Anderson Cancer Center, PERSON, 1
68, CARDINAL, 1
the Bishop of Waterford, ORG, 1
95, CARDINAL, 1
the Victorian Government, ORG, 1
94.9 per cent, MONEY, 1
five-year-olds, DATE, 1
Jeffrey Kluger, PERSON, 1
Jeffrey Kluger / Vaccines on Time, PERSON, 1
years', DATE, 1
nearly a decade, DATE, 1
Richard Pan, PERSON, 1
D-Sacramento, ORG, 1
California Children’s, FAC, 1
Pan’s SB 277, ORG, 1
Anti-Vaccine Groups Fuel Fears, ORG, 1
Measles Outbreak, ORG, 1
NPR State, ORG, 1
NPR So, ORG, 1
only six, CARDINAL, 1
21, CARDINAL, 1
Derbyshire, GPE, 1
Stereophonics, ORG, 1
Mondays, DATE, 1
Jake Bugg, PERSON, 1
Mary, PERSON, 1
Daily Mail Online Tasmanian, ORG, 1
the World Health Organisation Regional Committee for Europe, ORG, 1
Budapest, GPE, 1
Trump Kennedy, PERSON, 1
Last season's, DATE, 1
H3N2, ORG, 1
L.A. Pride, ORG, 1
L.A. County, GPE, 1
more than year ago, DATE, 1
a few weeks ago, DATE, 1
Pride, ORG, 1
Each year, DATE, 1
the Canterbury Health System, ORG, 1
the University of Nebraska, ORG, 1
Cholesterol Vaccine, PERSON, 1
Successful Tests, PERSON, 1
The NSW Health, ORG, 1
Toronto Public Health, ORG, 1
VIC, ORG, 1
TOUGHER, ORG, 1
Vaccine Critic, ORG, 1
The Washington Post Yellow, ORG, 1
Angola, GPE, 1
Degree, PERSON, 1
Pauline Hanson’s, PERSON, 1
DOCTORS, ORG, 1
The Windsor-Essex County Health Unit, ORG, 1
Ohio State University, ORG, 1
Daily Mail Online Lauren Sandall, ORG, 1
Woodford Green, ORG, 1
just 48 hours later, TIME, 1
Trinity, ORG, 1
Fox News Seasons, ORG, 1
This year, DATE, 1
Vaccine Chair, PERSON, 1
Anti-Vaxxers Are Hung, ORG, 1
70 per cent, MONEY, 1
Mattie McGrath, PERSON, 1
Independent TD Mattie McGrath, ORG, 1
UMass Amherst, ORG, 1
October, DATE, 1
November, DATE, 1
40 per cent, MONEY, 1
Alastair Leithead, ORG, 1
Fox News Germany, ORG, 1
CBS News Experts, ORG, 1
1961, DATE, 1
152, CARDINAL, 1
1991, DATE, 1
St. Patrick’s Day, GPE, 1
RT World News A, ORG, 1
Bishop Phonsie Cullinan, PERSON, 1
ITV News Women, ORG, 1
- LA Times Final, ORG, 1
the Medicines New Zealand, ORG, 1
this evening, TIME, 1
the Chair of Health Committee, ORG, 1
Southern California, LOC, 1
CBS News Lines, ORG, 1
Mireya Villarreal, PERSON, 1
' - Washington Times Health and Human Services, ORG, 1
morning, TIME, 1
Robert Kennedy Jr.’s, PERSON, 1
Donald, PERSON, 1
Earlier in the day, TIME, 1
900pc, ORG, 1
900pc, PRODUCT, 1
The Washington Post Research, ORG, 1
Online Kia Gott, PERSON, 1
11-month-old, DATE, 1
Paul Gott, PERSON, 1
Vikki Mitchell, PERSON, 1
B.C., PERSON, 1
Sun B.C., PERSON, 1
the Cleveland Clinic - The Washington Post, ORG, 1
Bird Flu Surge, ORG, 1
Wholesale, ORG, 1
Kohli, PERSON, 1
Evening Express, ORG, 1
March 9 Good, DATE, 1
evening, TIME, 1
Jerry Brown, PERSON, 1
Cannes, NORP, 1
Bear Grylls, GPE, 1
May 25, DATE, 1
60%—in, CARDINAL, 1
a good year, DATE, 1
60%, PERCENT, 1
most recent years, DATE, 1
first six months, DATE, 1
the first six months, DATE, 1
The Globe and Mail Canada, ORG, 1
ABC News Cervical, ORG, 1
This Week, DATE, 1
the week, DATE, 1
Barnet, GPE, 1
GlobalNews.ca, ORG, 1
The Boston Globe Wiser, ORG, 1
two-year-old, DATE, 1
last month, DATE, 1
65+, QUANTITY, 1
Scoop News Funded, ORG, 1
SB, GPE, 1
277, CARDINAL, 1
UC Hastings, ORG, 1
Dorit Reiss, PERSON, 1
Neil Burdett, PERSON, 1
Faye, PERSON, 1
a year ago, DATE, 1
Over 7,000, CARDINAL, 1
Pardis Sabeti, PERSON, 1
Harvard, ORG, 1
this winter season, DATE, 1
The West Australian, GPE, 1
shot - CBS News Dissolvable, ORG, 1
Trump Asks Critic of Vaccines to Lead Vaccine Safety Panel -, ORG, 1
Donald J. Trump’s, PERSON, 1
Mark Rogers, PERSON, 1
Caudwell Children, PERSON, 1
Pakistani, NORP, 1
five-day, DATE, 1
Quetta, GPE, 1
Obese, NORP, 1
the United Kingdom, GPE, 1
50 years, DATE, 1
only three, CARDINAL, 1
TUI, ORG, 1
Perth - ABC News, ORG, 1
Flu Jab Uptake, ORG, 1
Scoop News, ORG, 1
Society, ORG, 1
1 April, DATE, 1
65s, DATE, 1
SUN, ORG, 1
one third, CARDINAL, 1
the 13th and 14th centuries, DATE, 1
FIVE, CARDINAL, 1
FURIOUS, PERSON, 1
Madagascan, NORP, 1
Inovio Pharmaceuticals Inc, ORG, 1
South Korea's, GPE, 1
GeneOne Life Science Inc, ORG, 1
anti-Zika, PERSON, 1
six months, DATE, 1
Mia Blesky, PERSON, 1
99 per cent, MONEY, 1
82 percent, PERCENT, 1
Guestling, GPE, 1
East Sussex, PERSON, 1
around 11am, TIME, 1
eleventh-century, DATE, 1
Curzon Soho, PERSON, 1
NSW Labor, ORG, 1
Childcare, ORG, 1
Labor, ORG, 1
Opposition, ORG, 1
Ronnie Corbett, PERSON, 1
Victor Meldrew, PERSON, 1
The West Australian Telethon Kids Institute, LOC, 1
Jason Waithman, PERSON, 1
500,000, MONEY, 1
100million, MONEY, 1
autumn next year, DATE, 1
TD, ORG, 1
Chloe Brown, PERSON, 1
Glasgow, PERSON, 1
16-year-old, DATE, 1
the Therapeutic Goods Administration, ORG, 1
two months, DATE, 1
Austrian, NORP, 1
Flu, PERSON, 1
Robert  Booy, PERSON, 1
Sue Rodger-Withers, PERSON, 1
Royal Greenwich Observatory, FAC, 1
Charles II, PERSON, 1
the Jenner Hut, ORG, 1
last November, DATE, 1
Irish Mirror Online, ORG, 1
between 200 and 500, CARDINAL, 1
ObamaCare, ORG, 1
The Pharmacy Guild of New Zealand, ORG, 1
a century, DATE, 1
five year old, DATE, 1
Bonnie, PERSON, 1
Morning Rounds, GPE, 1
an estimated 25 million, CARDINAL, 1
Dundee, ORG, 1
The Globe and Mail Canada’s, ORG, 1
The West Australian Babies, GPE, 1
B.C. Children's Hospital, PERSON, 1
B.C. Children's Hospital, ORG, 1
$15 million, MONEY, 1
Save-On-Foods, ORG, 1
Vic Gay, PERSON, 1
The Boston Globe State, ORG, 1
nearly 96 percent, PERCENT, 1
only two-thirds, CARDINAL, 1
Election 2017, DATE, 1
Lib Dems, PERSON, 1
Dem, NORP, 1
the South West, LOC, 1
Vaccine, ORG, 1
Irish Medical Organisation The Irish Medical Organisation (IMO, ORG, 1
the Department of Health, ORG, 1
the Health Information and Quality, ORG, 1
89-year-old, DATE, 1
Spring, DATE, 1
Michael Clifford, PERSON, 1
The Guardian Public Health England, ORG, 1
the &#, ORG, 1
Wigton, Cumbria, ORG, 1
The Boston Globe News, ORG, 1
£160 million, MONEY, 1
The Health Products Regulatory Authority, ORG, 1
Vale University Health Board, ORG, 1
FATTIES, ORG, 1
around a million, CARDINAL, 1
CTV News, ORG, 1
Malcolm Turnbull's, PERSON, 1
Golden State, GPE, 1
1996, DATE, 1
16, CARDINAL, 1
Yesterday, DATE, 1
CBC News Scientists, ORG, 1
Thirty-five, CARDINAL, 1
the past 12 months, DATE, 1
The Globe and Mail Complacency, ORG, 1
last-minute, TIME, 1
Save the Children, ORG, 1
every minute, TIME, 1
’ | The Independent A, WORK_OF_ART, 1
Rudolf Valenta, PERSON, 1
the Medical University of Vienna, ORG, 1
seven-months-old, DATE, 1
More than 1, CARDINAL, 1
almost 23 percent, PERCENT, 1
Ms Hanson, GPE, 1
The Globe and Mail Regional UNICEF, ORG, 1
Geert Cappelaere, PERSON, 1
more than 11 million, CARDINAL, 1
the Universities of Dundee, ORG, 1
U.K., GPE, 1
the Center for Disease Control, ORG, 1
The Scripps Research Institute, ORG, 1
Australian Broadcasting Corporation, ORG, 1
at least 10, CARDINAL, 1
Auckland, PERSON, 1
the Health Ministry, ORG, 1
DEATH, ORG, 1
David Wolfe Supplements, PERSON, 1
Mr Vitamins, PERSON, 1
David "Avocado" Wolfe, PERSON, 1
'Full Measure, WORK_OF_ART, 1
24.03.2017, CARDINAL, 1
116 million, CARDINAL, 1
Influenza, NORP, 1
Winter, DATE, 1
40%, PERCENT, 1
Some 34,300, CARDINAL, 1
between December and March, DATE, 1
NZ, GPE, 1
MD, GPE, 1
Eve Switzer, PERSON, 1
At least 7,000, CARDINAL, 1
Emanuela Petrillo’s, PERSON, 1
4, CARDINAL, 1
Bradley Lowery, ORG, 1
200,000, MONEY, 1
almost £200,000, MONEY, 1
Jacob Jones, PERSON, 1
Jade Goody, PERSON, 1
Oliver, PERSON, 1
between August and September 2014, DATE, 1
11,310, CARDINAL, 1
the World Mercury Project, ORG, 1
A year ago, DATE, 1
Sky News Scientists, ORG, 1
U.S. Drug-Pricing Practices - WSJ, ORG, 1
Merck’s, ORG, 1
7.4%, PERCENT, 1
10.5%, PERCENT, 1
